Epoch,Batch,Time,Time_sum,Loss,Loss_avg
0,0/12672,3.802708,3.802708,4.820619,4.820619
0,1/12672,0.459916,4.262624,4.577489,4.699054
0,2/12672,0.464183,4.726807,4.203716,4.533941
0,3/12672,0.463018,5.189825,4.446587,4.512103
0,4/12672,0.463465,5.653291,4.272067,4.464095
0,5/12672,0.462327,6.115618,4.170576,4.415176
0,6/12672,0.463621,6.579239,4.392929,4.411997
0,7/12672,0.463251,7.042490,4.308346,4.399041
0,8/12672,0.463477,7.505968,4.191991,4.376035
0,9/12672,0.463681,7.969648,4.029428,4.341375
0,10/12672,0.462494,8.432143,4.189045,4.327527
0,11/12672,0.463019,8.895161,4.842199,4.370416
0,12/12672,0.463061,9.358222,4.401582,4.372813
0,13/12672,0.465451,9.823674,4.077009,4.351685
0,14/12672,0.463649,10.287323,4.052037,4.331708
0,15/12672,0.467908,10.755231,4.127211,4.318927
0,16/12672,0.467474,11.222705,4.193254,4.311534
0,17/12672,0.464195,11.686900,4.014798,4.295049
0,18/12672,0.462070,12.148970,4.146360,4.287223
0,19/12672,0.467679,12.616649,4.503747,4.298050
0,20/12672,0.472476,13.089125,4.359505,4.300976
0,21/12672,0.481555,13.570680,4.476201,4.308941
0,22/12672,0.464239,14.034919,4.009084,4.295903
0,23/12672,0.468832,14.503751,4.194814,4.291691
0,24/12672,0.466031,14.969782,4.157522,4.286325
0,25/12672,0.465115,15.434897,4.023940,4.276233
0,26/12672,0.462556,15.897453,4.170603,4.272321
0,27/12672,0.461962,16.359415,4.157136,4.268207
0,28/12672,0.465520,16.824935,4.103899,4.262541
0,29/12672,0.465308,17.290243,3.922143,4.251195
0,30/12672,0.463730,17.753973,3.940346,4.241167
0,31/12672,0.463539,18.217512,4.236061,4.241008
0,32/12672,0.464806,18.682318,4.161240,4.238590
0,33/12672,0.463823,19.146141,3.924979,4.229367
0,34/12672,0.463175,19.609316,4.191103,4.228273
0,35/12672,0.464603,20.073919,4.234539,4.228447
0,36/12672,0.464850,20.538769,4.035455,4.223231
0,37/12672,0.465479,21.004248,4.022322,4.217944
0,38/12672,0.464672,21.468920,3.952152,4.211129
0,39/12672,0.466118,21.935038,4.124051,4.208952
0,40/12672,0.465555,22.400594,3.918419,4.201866
0,41/12672,0.466454,22.867048,3.947569,4.195811
0,42/12672,0.471437,23.338485,4.104764,4.193694
0,43/12672,0.463881,23.802365,3.944198,4.188023
0,44/12672,0.464882,24.267247,4.492708,4.194794
0,45/12672,0.462768,24.730015,4.057340,4.191806
0,46/12672,0.465306,25.195321,4.085475,4.189544
0,47/12672,0.463608,25.658929,4.064232,4.186933
0,48/12672,0.464674,26.123603,3.990559,4.182925
0,49/12672,0.466352,26.589954,4.198597,4.183239
0,50/12672,0.468251,27.058206,4.102095,4.181648
0,51/12672,0.470039,27.528244,4.093615,4.179955
0,52/12672,0.467974,27.996219,4.130658,4.179025
0,53/12672,0.467464,28.463682,4.111701,4.177778
0,54/12672,0.466664,28.930346,3.961830,4.173852
0,55/12672,0.468097,29.398444,4.044641,4.171544
0,56/12672,0.466660,29.865104,3.920485,4.167140
0,57/12672,0.464058,30.329162,4.038101,4.164915
0,58/12672,0.463112,30.792274,3.972695,4.161657
0,59/12672,0.464266,31.256540,3.883416,4.157020
0,60/12672,0.463353,31.719892,3.832241,4.151695
0,61/12672,0.466023,32.185915,4.334330,4.154641
0,62/12672,0.481336,32.667252,3.893563,4.150497
0,63/12672,0.482213,33.149465,4.046555,4.148873
0,64/12672,0.467750,33.617214,3.941700,4.145686
0,65/12672,0.471178,34.088392,4.056061,4.144328
0,66/12672,0.470943,34.559335,4.290581,4.146511
0,67/12672,0.475165,35.034501,3.840628,4.142012
0,68/12672,0.462479,35.496979,3.968677,4.139500
0,69/12672,0.462286,35.959266,3.955104,4.136866
0,70/12672,0.468610,36.427876,3.818381,4.132380
0,71/12672,0.493050,36.920926,3.942266,4.129740
0,72/12672,0.500724,37.421649,4.075845,4.129002
0,73/12672,0.495944,37.917593,3.886963,4.125731
0,74/12672,0.487205,38.404799,4.113863,4.125573
0,75/12672,0.472090,38.876889,4.216829,4.126773
0,76/12672,0.465773,39.342662,3.913251,4.124000
0,77/12672,0.463793,39.806455,4.015723,4.122612
0,78/12672,0.463355,40.269809,3.954683,4.120486
0,79/12672,0.462632,40.732442,3.841760,4.117002
0,80/12672,0.463572,41.196013,4.284238,4.119067
0,81/12672,0.463014,41.659027,3.883162,4.116190
0,82/12672,0.464330,42.123357,3.715507,4.111363
0,83/12672,0.463659,42.587017,4.126013,4.111537
0,84/12672,0.464075,43.051092,4.147065,4.111955
0,85/12672,0.463600,43.514692,4.079816,4.111581
0,86/12672,0.462410,43.977102,4.014310,4.110463
0,87/12672,0.462763,44.439865,3.777935,4.106684
0,88/12672,0.462821,44.902685,3.897320,4.104332
0,89/12672,0.463653,45.366338,4.368181,4.107264
0,90/12672,0.462733,45.829072,3.860265,4.104549
0,91/12672,0.462432,46.291504,4.176376,4.105330
0,92/12672,0.462655,46.754159,3.986052,4.104048
0,93/12672,0.465776,47.219935,4.044296,4.103412
0,94/12672,0.463779,47.683714,4.026277,4.102600
0,95/12672,0.465162,48.148876,3.839167,4.099856
0,96/12672,0.463387,48.612263,3.955235,4.098365
0,97/12672,0.464510,49.076773,3.946491,4.096815
0,98/12672,0.464413,49.541186,4.049687,4.096339
0,99/12672,0.463800,50.004986,3.932283,4.094699
0,100/12672,0.463443,50.468430,3.911298,4.092883
0,101/12672,0.466099,50.934529,4.524383,4.097113
0,102/12672,0.466968,51.401497,4.106897,4.097208
0,103/12672,0.466571,51.868068,3.973213,4.096016
0,104/12672,0.464778,52.332846,4.104973,4.096101
0,105/12672,0.464826,52.797672,3.935781,4.094589
0,106/12672,0.466603,53.264275,3.792249,4.091763
0,107/12672,0.464883,53.729158,4.049280,4.091370
0,108/12672,0.463826,54.192985,3.849849,4.089154
0,109/12672,0.465514,54.658499,4.022904,4.088552
0,110/12672,0.466235,55.124734,3.816184,4.086098
0,111/12672,0.464694,55.589428,3.879776,4.084256
0,112/12672,0.463805,56.053233,3.827354,4.081982
0,113/12672,0.466174,56.519407,4.136715,4.082462
0,114/12672,0.463674,56.983080,3.901121,4.080886
0,115/12672,0.465615,57.448695,4.248311,4.082329
0,116/12672,0.465859,57.914555,3.745614,4.079451
0,117/12672,0.465569,58.380123,3.999978,4.078777
0,118/12672,0.463674,58.843797,4.014501,4.078237
0,119/12672,0.465044,59.308840,3.941516,4.077098
0,120/12672,0.464803,59.773644,4.105370,4.077332
0,121/12672,0.467055,60.240699,3.744908,4.074607
0,122/12672,0.468040,60.708739,3.879178,4.073018
0,123/12672,0.464719,61.173458,4.172493,4.073820
0,124/12672,0.464952,61.638410,3.921047,4.072598
0,125/12672,0.464157,62.102567,4.320729,4.074567
0,126/12672,0.465316,62.567883,3.953202,4.073612
0,127/12672,0.465825,63.033708,4.028573,4.073260
0,128/12672,0.464601,63.498310,4.008988,4.072762
0,129/12672,0.464453,63.962762,3.945563,4.071783
0,130/12672,0.463771,64.426533,3.878278,4.070306
0,131/12672,0.464166,64.890699,3.973065,4.069569
0,132/12672,0.463625,65.354324,3.991083,4.068979
0,133/12672,0.466055,65.820379,3.993590,4.068417
0,134/12672,0.466671,66.287051,3.725529,4.065877
0,135/12672,0.465389,66.752440,4.093698,4.066081
0,136/12672,0.465019,67.217459,4.034433,4.065850
0,137/12672,0.465437,67.682895,3.957958,4.065068
0,138/12672,0.466739,68.149634,3.944311,4.064200
0,139/12672,0.467746,68.617380,3.894244,4.062986
0,140/12672,0.466655,69.084035,4.302519,4.064685
0,141/12672,0.465162,69.549196,3.742032,4.062412
0,142/12672,0.464628,70.013825,4.251442,4.063734
0,143/12672,0.464720,70.478545,3.829855,4.062110
0,144/12672,0.464378,70.942923,3.902399,4.061009
0,145/12672,0.463519,71.406442,3.986060,4.060495
0,146/12672,0.464171,71.870614,3.955343,4.059780
0,147/12672,0.467287,72.337901,3.898879,4.058693
0,148/12672,0.464579,72.802480,3.980387,4.058167
0,149/12672,0.465274,73.267754,4.341067,4.060053
0,150/12672,0.465350,73.733104,3.898653,4.058984
0,151/12672,0.463907,74.197011,4.026371,4.058770
0,152/12672,0.463826,74.660837,3.906429,4.057774
0,153/12672,0.464481,75.125318,3.766156,4.055880
0,154/12672,0.466750,75.592069,3.981139,4.055398
0,155/12672,0.464716,76.056785,3.956964,4.054767
0,156/12672,0.466153,76.522938,3.874708,4.053620
0,157/12672,0.465289,76.988227,3.725499,4.051544
0,158/12672,0.464113,77.452340,4.063768,4.051621
0,159/12672,0.464694,77.917034,3.761384,4.049807
0,160/12672,0.465517,78.382551,4.014484,4.049587
0,161/12672,0.464573,78.847124,4.177121,4.050374
0,162/12672,0.464689,79.311813,3.870560,4.049271
0,163/12672,0.464677,79.776490,4.142231,4.049838
0,164/12672,0.464287,80.240777,4.048043,4.049827
0,165/12672,0.464638,80.705415,4.208327,4.050782
0,166/12672,0.464332,81.169747,3.859318,4.049636
0,167/12672,0.464042,81.633789,4.080225,4.049818
0,168/12672,0.464829,82.098619,3.938811,4.049161
0,169/12672,0.464714,82.563332,4.031985,4.049060
0,170/12672,0.464258,83.027590,3.935116,4.048393
0,171/12672,0.465801,83.493391,4.010269,4.048172
0,172/12672,0.465418,83.958809,4.056383,4.048219
0,173/12672,0.465951,84.424760,4.180467,4.048979
0,174/12672,0.465002,84.889762,4.018104,4.048803
0,175/12672,0.465603,85.355365,3.758198,4.047152
0,176/12672,0.465273,85.820638,3.933897,4.046512
0,177/12672,0.465522,86.286160,4.067182,4.046628
0,178/12672,0.465161,86.751321,3.758390,4.045018
0,179/12672,0.465074,87.216394,3.931478,4.044387
0,180/12672,0.464600,87.680994,3.742993,4.042722
0,181/12672,0.466252,88.147247,3.986992,4.042416
0,182/12672,0.465245,88.612491,4.052334,4.042470
0,183/12672,0.464569,89.077060,4.067635,4.042607
0,184/12672,0.465594,89.542654,3.777811,4.041175
0,185/12672,0.465248,90.007902,4.396536,4.043086
0,186/12672,0.465672,90.473574,3.864348,4.042130
0,187/12672,0.464439,90.938013,3.874086,4.041236
0,188/12672,0.464891,91.402904,3.907071,4.040526
0,189/12672,0.464545,91.867449,3.756382,4.039031
0,190/12672,0.464118,92.331568,3.898607,4.038295
0,191/12672,0.466427,92.797994,4.100599,4.038620
0,192/12672,0.464861,93.262856,3.956951,4.038197
0,193/12672,0.465362,93.728217,4.011002,4.038057
0,194/12672,0.464159,94.192377,3.640667,4.036019
0,195/12672,0.465478,94.657855,3.863298,4.035138
0,196/12672,0.466561,95.124416,3.776841,4.033826
0,197/12672,0.465394,95.589809,3.865992,4.032979
0,198/12672,0.466205,96.056015,4.270982,4.034175
0,199/12672,0.463543,96.519557,3.910260,4.033555
0,200/12672,0.465471,96.985028,3.975637,4.033267
0,201/12672,0.464326,97.449354,3.774297,4.031985
0,202/12672,0.465318,97.914672,4.020636,4.031929
0,203/12672,0.464174,98.378846,3.713925,4.030370
0,204/12672,0.464516,98.843362,3.739666,4.028952
0,205/12672,0.466219,99.309581,3.809711,4.027888
0,206/12672,0.462895,99.772476,3.829297,4.026928
0,207/12672,0.465916,100.238392,4.220280,4.027858
0,208/12672,0.465351,100.703744,4.321488,4.029263
0,209/12672,0.465032,101.168776,3.804758,4.028194
0,210/12672,0.465503,101.634279,4.158315,4.028811
0,211/12672,0.466491,102.100770,3.702492,4.027271
0,212/12672,0.463998,102.564768,4.127264,4.027741
0,213/12672,0.464894,103.029662,3.854089,4.026929
0,214/12672,0.465591,103.495253,3.873321,4.026215
0,215/12672,0.464999,103.960252,3.924181,4.025743
0,216/12672,0.466603,104.426855,3.833663,4.024857
0,217/12672,0.465371,104.892226,3.892018,4.024248
0,218/12672,0.465185,105.357411,3.796988,4.023210
0,219/12672,0.464840,105.822252,3.993622,4.023076
0,220/12672,0.466303,106.288554,3.953202,4.022760
0,221/12672,0.465289,106.753844,3.862040,4.022036
0,222/12672,0.466044,107.219888,3.972372,4.021813
0,223/12672,0.464017,107.683905,3.703545,4.020392
0,224/12672,0.463040,108.146945,3.892889,4.019825
0,225/12672,0.463809,108.610753,3.757680,4.018666
0,226/12672,0.465350,109.076103,3.584207,4.016752
0,227/12672,0.464632,109.540735,3.821511,4.015895
0,228/12672,0.466599,110.007334,4.054789,4.016065
0,229/12672,0.464092,110.471426,3.578186,4.014161
0,230/12672,0.464354,110.935779,3.581496,4.012288
0,231/12672,0.466195,111.401974,4.390730,4.013919
0,232/12672,0.464405,111.866379,3.934943,4.013581
0,233/12672,0.466200,112.332579,3.871871,4.012975
0,234/12672,0.463765,112.796345,3.959018,4.012745
0,235/12672,0.466026,113.262371,3.976006,4.012590
0,236/12672,0.464232,113.726603,3.786432,4.011635
0,237/12672,0.465860,114.192462,3.859006,4.010994
0,238/12672,0.465466,114.657928,4.094593,4.011344
0,239/12672,0.466030,115.123958,4.009656,4.011337
0,240/12672,0.463609,115.587567,3.962601,4.011135
0,241/12672,0.463961,116.051528,3.886758,4.010621
0,242/12672,0.464604,116.516132,4.241243,4.011570
0,243/12672,0.464859,116.980991,3.805470,4.010725
0,244/12672,0.464939,117.445930,4.225554,4.011602
0,245/12672,0.465908,117.911838,3.769330,4.010617
0,246/12672,0.466211,118.378049,3.795352,4.009746
0,247/12672,0.463640,118.841689,3.933275,4.009437
0,248/12672,0.464463,119.306152,3.902184,4.009006
0,249/12672,0.465465,119.771617,3.748934,4.007966
0,250/12672,0.464013,120.235630,3.817480,4.007207
0,251/12672,0.464742,120.700372,4.108595,4.007610
0,252/12672,0.464720,121.165092,3.719242,4.006470
0,253/12672,0.464680,121.629772,3.938487,4.006202
0,254/12672,0.464365,122.094137,4.136446,4.006713
0,255/12672,0.464983,122.559120,4.078868,4.006995
0,256/12672,0.464854,123.023973,3.773720,4.006087
0,257/12672,0.464747,123.488721,3.764044,4.005149
0,258/12672,0.466573,123.955294,3.863313,4.004601
0,259/12672,0.464983,124.420277,3.958518,4.004424
0,260/12672,0.465510,124.885787,3.759828,4.003487
0,261/12672,0.464422,125.350209,3.805481,4.002731
0,262/12672,0.466339,125.816547,4.584635,4.004944
0,263/12672,0.464658,126.281205,3.859868,4.004394
0,264/12672,0.465454,126.746659,3.772543,4.003519
0,265/12672,0.464960,127.211619,3.891739,4.003099
0,266/12672,0.467310,127.678929,3.988320,4.003044
0,267/12672,0.464525,128.143454,3.950958,4.002849
0,268/12672,0.466624,128.610078,3.935636,4.002600
0,269/12672,0.465031,129.075109,3.721240,4.001557
0,270/12672,0.464945,129.540054,4.047642,4.001728
0,271/12672,0.466098,130.006152,3.786468,4.000936
0,272/12672,0.465534,130.471686,3.787142,4.000153
0,273/12672,0.465722,130.937408,3.644616,3.998855
0,274/12672,0.464771,131.402179,3.794429,3.998112
0,275/12672,0.466724,131.868903,3.858443,3.997606
0,276/12672,0.464612,132.333515,3.932230,3.997370
0,277/12672,0.465418,132.798933,4.943280,4.000773
0,278/12672,0.464656,133.263590,3.631002,3.999447
0,279/12672,0.465161,133.728750,3.782452,3.998672
0,280/12672,0.465502,134.194252,3.996816,3.998666
0,281/12672,0.466140,134.660392,3.919101,3.998383
0,282/12672,0.464201,135.124593,4.058697,3.998597
0,283/12672,0.465158,135.589751,3.791472,3.997867
0,284/12672,0.466160,136.055911,3.761435,3.997038
0,285/12672,0.464033,136.519944,3.946364,3.996860
0,286/12672,0.465196,136.985140,4.041623,3.997016
0,287/12672,0.465000,137.450140,4.139012,3.997509
0,288/12672,0.465248,137.915388,3.804798,3.996843
0,289/12672,0.464234,138.379622,4.085415,3.997148
0,290/12672,0.464060,138.843682,3.902358,3.996822
0,291/12672,0.464932,139.308614,3.879366,3.996420
0,292/12672,0.463193,139.771808,4.023262,3.996512
0,293/12672,0.467984,140.239792,3.798812,3.995839
0,294/12672,0.464183,140.703975,3.750388,3.995007
0,295/12672,0.464218,141.168193,3.997936,3.995017
0,296/12672,0.465696,141.633888,3.735797,3.994144
0,297/12672,0.464826,142.098714,3.863714,3.993707
0,298/12672,0.465804,142.564518,3.778577,3.992987
0,299/12672,0.464424,143.028942,3.968730,3.992906
0,300/12672,0.465537,143.494478,3.632864,3.991710
0,301/12672,0.465050,143.959528,4.310900,3.992767
0,302/12672,0.465601,144.425130,3.943782,3.992605
0,303/12672,0.464584,144.889714,4.404675,3.993961
0,304/12672,0.465005,145.354719,4.320461,3.995031
0,305/12672,0.463747,145.818466,4.084687,3.995324
0,306/12672,0.464376,146.282842,3.817015,3.994744
0,307/12672,0.465240,146.748082,3.988483,3.994723
0,308/12672,0.464092,147.212174,3.994075,3.994721
0,309/12672,0.465203,147.677377,3.962754,3.994618
0,310/12672,0.464191,148.141568,4.348340,3.995755
0,311/12672,0.466307,148.607875,3.908909,3.995477
0,312/12672,0.465068,149.072943,3.933618,3.995279
0,313/12672,0.464452,149.537395,3.850487,3.994818
0,314/12672,0.464718,150.002113,3.942635,3.994653
0,315/12672,0.465704,150.467817,3.771458,3.993946
0,316/12672,0.466498,150.934316,4.244853,3.994738
0,317/12672,0.466707,151.401022,3.975693,3.994678
0,318/12672,0.465212,151.866234,3.813364,3.994110
0,319/12672,0.464295,152.330529,3.739737,3.993315
0,320/12672,0.464306,152.794835,4.148003,3.993797
0,321/12672,0.464633,153.259469,3.872052,3.993418
0,322/12672,0.464451,153.723920,3.896132,3.993117
0,323/12672,0.465386,154.189306,3.843204,3.992655
0,324/12672,0.465378,154.654685,3.894581,3.992353
0,325/12672,0.466266,155.120951,3.953043,3.992232
0,326/12672,0.465103,155.586054,4.132858,3.992662
0,327/12672,0.464936,156.050990,3.863109,3.992267
0,328/12672,0.462988,156.513978,3.905292,3.992003
0,329/12672,0.465408,156.979385,3.755368,3.991286
0,330/12672,0.463888,157.443274,4.173809,3.991837
0,331/12672,0.464694,157.907967,3.881114,3.991504
0,332/12672,0.464672,158.372639,4.059046,3.991707
0,333/12672,0.465117,158.837756,4.089908,3.992001
0,334/12672,0.463394,159.301150,3.649428,3.990978
0,335/12672,0.464191,159.765341,3.906170,3.990726
0,336/12672,0.464034,160.229375,4.070815,3.990963
0,337/12672,0.464618,160.693993,4.021706,3.991054
0,338/12672,0.464906,161.158899,3.828081,3.990573
0,339/12672,0.464944,161.623843,3.768842,3.989921
0,340/12672,0.464783,162.088626,3.845102,3.989497
0,341/12672,0.464215,162.552841,4.331684,3.990497
0,342/12672,0.465006,163.017847,3.840417,3.990060
0,343/12672,0.464904,163.482751,3.886160,3.989758
0,344/12672,0.465635,163.948386,4.027798,3.989868
0,345/12672,0.464497,164.412883,3.958781,3.989778
0,346/12672,0.464926,164.877808,3.597785,3.988648
0,347/12672,0.465490,165.343298,3.815049,3.988149
0,348/12672,0.463431,165.806729,3.883050,3.987848
0,349/12672,0.465223,166.271951,3.921736,3.987659
0,350/12672,0.465078,166.737030,4.037771,3.987802
0,351/12672,0.464478,167.201508,3.848282,3.987406
0,352/12672,0.464731,167.666239,4.194362,3.987992
0,353/12672,0.465483,168.131721,4.050951,3.988170
0,354/12672,0.464030,168.595752,3.888700,3.987890
0,355/12672,0.464524,169.060276,3.936827,3.987746
0,356/12672,0.464544,169.524820,3.985189,3.987739
0,357/12672,0.464345,169.989165,3.918302,3.987545
0,358/12672,0.463629,170.452794,4.237031,3.988240
0,359/12672,0.465366,170.918159,3.909967,3.988023
0,360/12672,0.464709,171.382868,3.984555,3.988013
0,361/12672,0.465815,171.848683,4.042231,3.988163
0,362/12672,0.464432,172.313115,3.907822,3.987942
0,363/12672,0.466003,172.779118,3.953240,3.987846
0,364/12672,0.465040,173.244158,3.845308,3.987456
0,365/12672,0.464274,173.708432,4.002225,3.987496
0,366/12672,0.464257,174.172689,4.039583,3.987638
0,367/12672,0.466441,174.639130,3.893678,3.987383
0,368/12672,0.465036,175.104167,4.130520,3.987771
0,369/12672,0.464798,175.568965,3.984844,3.987763
0,370/12672,0.464392,176.033357,3.859822,3.987418
0,371/12672,0.463636,176.496993,3.974656,3.987384
0,372/12672,0.464173,176.961165,4.156796,3.987838
0,373/12672,0.464314,177.425479,3.928862,3.987680
0,374/12672,0.462834,177.888313,3.915320,3.987487
0,375/12672,0.466226,178.354539,4.098027,3.987781
0,376/12672,0.465145,178.819685,3.875298,3.987483
0,377/12672,0.465638,179.285323,3.913801,3.987288
0,378/12672,0.465535,179.750858,4.005793,3.987337
0,379/12672,0.464190,180.215048,4.172918,3.987825
0,380/12672,0.466752,180.681800,4.047163,3.987981
0,381/12672,0.464351,181.146151,4.001828,3.988017
0,382/12672,0.465970,181.612121,3.925466,3.987854
0,383/12672,0.464741,182.076863,3.935091,3.987716
0,384/12672,0.463657,182.540519,4.017276,3.987793
0,385/12672,0.465118,183.005637,4.067346,3.987999
0,386/12672,0.466385,183.472022,3.867182,3.987687
0,387/12672,0.464658,183.936679,4.058420,3.987869
0,388/12672,0.465451,184.402131,3.837301,3.987482
0,389/12672,0.465193,184.867323,4.193331,3.988010
0,390/12672,0.465105,185.332428,3.803486,3.987538
0,391/12672,0.466255,185.798683,3.906615,3.987332
0,392/12672,0.464875,186.263557,3.942994,3.987219
0,393/12672,0.466480,186.730037,4.375600,3.988205
0,394/12672,0.464240,187.194277,3.966734,3.988150
0,395/12672,0.468628,187.662904,3.810714,3.987702
0,396/12672,0.464048,188.126952,4.191538,3.988216
0,397/12672,0.465280,188.592233,3.916091,3.988034
0,398/12672,0.464607,189.056839,3.856053,3.987704
0,399/12672,0.466544,189.523383,3.914372,3.987520
0,400/12672,0.464527,189.987910,3.825927,3.987117
0,401/12672,0.464978,190.452888,3.892109,3.986881
0,402/12672,0.465262,190.918151,3.728918,3.986241
0,403/12672,0.467056,191.385206,4.327732,3.987086
0,404/12672,0.464554,191.849760,3.883225,3.986830
0,405/12672,0.466198,192.315958,3.779372,3.986319
0,406/12672,0.464193,192.780150,4.360689,3.987238
0,407/12672,0.463413,193.243564,3.829239,3.986851
0,408/12672,0.466065,193.709629,4.137215,3.987219
0,409/12672,0.466707,194.176336,3.802798,3.986769
0,410/12672,0.465484,194.641819,4.090436,3.987021
0,411/12672,0.466390,195.108210,4.053260,3.987182
0,412/12672,0.466402,195.574611,3.809870,3.986753
0,413/12672,0.465910,196.040521,3.907173,3.986561
0,414/12672,0.465989,196.506510,3.794284,3.986097
0,415/12672,0.465544,196.972054,4.145082,3.986479
0,416/12672,0.464940,197.436994,4.090350,3.986728
0,417/12672,0.465276,197.902270,3.766330,3.986201
0,418/12672,0.464715,198.366985,3.751685,3.985641
0,419/12672,0.466130,198.833114,4.065042,3.985831
0,420/12672,0.465001,199.298115,3.831880,3.985465
0,421/12672,0.463959,199.762074,4.213452,3.986005
0,422/12672,0.466603,200.228677,3.865385,3.985720
0,423/12672,0.465502,200.694179,3.803028,3.985289
0,424/12672,0.465107,201.159286,3.694042,3.984604
0,425/12672,0.465099,201.624385,4.144158,3.984978
0,426/12672,0.464572,202.088957,3.881244,3.984735
0,427/12672,0.464246,202.553202,3.824411,3.984361
0,428/12672,0.466253,203.019455,4.104246,3.984640
0,429/12672,0.464200,203.483655,4.220713,3.985189
0,430/12672,0.464798,203.948454,3.961531,3.985134
0,431/12672,0.464472,204.412926,3.872809,3.984874
0,432/12672,0.464653,204.877579,3.848536,3.984559
0,433/12672,0.465481,205.343060,3.972025,3.984531
0,434/12672,0.464519,205.807579,3.883670,3.984299
0,435/12672,0.463844,206.271423,4.051220,3.984452
0,436/12672,0.464148,206.735570,4.297925,3.985170
0,437/12672,0.465145,207.200716,3.710097,3.984542
0,438/12672,0.463674,207.664389,3.970473,3.984509
0,439/12672,0.464760,208.129150,3.717467,3.983903
0,440/12672,0.465502,208.594652,3.783548,3.983448
0,441/12672,0.463353,209.058005,4.419640,3.984435
0,442/12672,0.465536,209.523541,3.738268,3.983879
0,443/12672,0.463953,209.987494,4.340639,3.984683
0,444/12672,0.465109,210.452603,3.954381,3.984615
0,445/12672,0.465172,210.917775,3.772065,3.984138
0,446/12672,0.466705,211.384480,3.868957,3.983881
0,447/12672,0.464627,211.849106,3.958669,3.983824
0,448/12672,0.466139,212.315246,4.455016,3.984874
0,449/12672,0.464175,212.779421,4.025764,3.984965
0,450/12672,0.465106,213.244527,3.654795,3.984233
0,451/12672,0.464763,213.709289,4.062329,3.984405
0,452/12672,0.465896,214.175186,3.847265,3.984103
0,453/12672,0.466234,214.641420,3.843318,3.983792
0,454/12672,0.465210,215.106631,4.051938,3.983942
0,455/12672,0.466352,215.572982,3.782587,3.983501
0,456/12672,0.464053,216.037035,4.213977,3.984005
0,457/12672,0.465374,216.502409,3.939092,3.983907
0,458/12672,0.465225,216.967634,3.927088,3.983783
0,459/12672,0.464851,217.432485,3.954804,3.983720
0,460/12672,0.464360,217.896846,3.680788,3.983063
0,461/12672,0.464731,218.361576,4.200183,3.983533
0,462/12672,0.464386,218.825962,3.718715,3.982961
0,463/12672,0.464764,219.290726,3.782966,3.982530
0,464/12672,0.465732,219.756458,3.738072,3.982004
0,465/12672,0.464594,220.221052,3.779583,3.981570
0,466/12672,0.463952,220.685004,4.050850,3.981718
0,467/12672,0.464669,221.149673,3.838014,3.981411
0,468/12672,0.463685,221.613357,3.910135,3.981259
0,469/12672,0.464141,222.077498,3.664636,3.980586
0,470/12672,0.465343,222.542841,3.766906,3.980132
0,471/12672,0.464735,223.007576,3.736874,3.979617
0,472/12672,0.465655,223.473231,4.079783,3.979828
0,473/12672,0.465417,223.938648,3.793699,3.979436
0,474/12672,0.466315,224.404963,3.881564,3.979230
0,475/12672,0.465079,224.870042,3.751108,3.978750
0,476/12672,0.464504,225.334546,3.662264,3.978087
0,477/12672,0.464770,225.799316,3.898662,3.977921
0,478/12672,0.464052,226.263368,3.739450,3.977423
0,479/12672,0.465382,226.728750,3.921343,3.977306
0,480/12672,0.465517,227.194267,3.860674,3.977063
0,481/12672,0.466287,227.660553,3.875996,3.976854
0,482/12672,0.465212,228.125765,4.035789,3.976976
0,483/12672,0.466077,228.591843,3.986437,3.976995
0,484/12672,0.463757,229.055600,3.866571,3.976768
0,485/12672,0.464578,229.520178,4.110717,3.977043
0,486/12672,0.465147,229.985326,3.762734,3.976603
0,487/12672,0.465049,230.450375,4.454554,3.977583
0,488/12672,0.464915,230.915289,3.782505,3.977184
0,489/12672,0.464616,231.379905,3.960050,3.977149
0,490/12672,0.464491,231.844396,3.889663,3.976971
0,491/12672,0.465245,232.309641,4.014825,3.977048
0,492/12672,0.464827,232.774468,4.025121,3.977145
0,493/12672,0.464796,233.239264,3.934530,3.977059
0,494/12672,0.463879,233.703143,4.017989,3.977141
0,495/12672,0.464682,234.167825,3.927959,3.977042
0,496/12672,0.464871,234.632696,3.984361,3.977057
0,497/12672,0.463735,235.096431,4.112399,3.977329
0,498/12672,0.465161,235.561592,3.660268,3.976693
0,499/12672,0.465105,236.026697,3.874082,3.976488
0,500/12672,0.464064,236.490761,3.963095,3.976461
0,501/12672,0.463995,236.954756,4.708440,3.977920
0,502/12672,0.466006,237.420762,3.965935,3.977896
0,503/12672,0.464350,237.885112,4.303899,3.978543
0,504/12672,0.465411,238.350523,3.982606,3.978551
0,505/12672,0.465470,238.815993,4.071107,3.978734
0,506/12672,0.464271,239.280264,4.133759,3.979039
0,507/12672,0.464935,239.745199,3.914093,3.978911
0,508/12672,0.464746,240.209945,4.041450,3.979034
0,509/12672,0.466423,240.676368,3.925846,3.978930
0,510/12672,0.464104,241.140471,3.815944,3.978611
0,511/12672,0.466159,241.606631,4.162211,3.978970
0,512/12672,0.465337,242.071968,3.746750,3.978517
0,513/12672,0.463228,242.535196,3.968414,3.978497
0,514/12672,0.465920,243.001117,3.979871,3.978500
0,515/12672,0.465158,243.466274,4.061578,3.978661
0,516/12672,0.464883,243.931157,4.070686,3.978839
0,517/12672,0.463825,244.394982,4.091249,3.979056
0,518/12672,0.465751,244.860733,4.087495,3.979265
0,519/12672,0.464569,245.325302,3.956704,3.979222
0,520/12672,0.463233,245.788535,3.845120,3.978964
0,521/12672,0.465128,246.253663,3.888549,3.978791
0,522/12672,0.465345,246.719008,3.860797,3.978565
0,523/12672,0.465014,247.184021,3.880814,3.978379
0,524/12672,0.465896,247.649918,3.992024,3.978405
0,525/12672,0.465981,248.115899,3.786043,3.978039
0,526/12672,0.466748,248.582647,3.877644,3.977849
0,527/12672,0.466151,249.048798,3.719814,3.977360
0,528/12672,0.466885,249.515683,4.197324,3.977776
0,529/12672,0.462824,249.978508,3.889559,3.977609
0,530/12672,0.465901,250.444409,3.691123,3.977070
0,531/12672,0.464378,250.908786,3.669330,3.976491
0,532/12672,0.464921,251.373707,4.391278,3.977270
0,533/12672,0.464496,251.838204,4.163165,3.977618
0,534/12672,0.464463,252.302666,3.856533,3.977391
0,535/12672,0.464406,252.767072,3.762966,3.976991
0,536/12672,0.464880,253.231952,3.972369,3.976983
0,537/12672,0.464249,253.696202,3.928381,3.976892
0,538/12672,0.464472,254.160674,3.811452,3.976585
0,539/12672,0.464754,254.625428,3.760845,3.976186
0,540/12672,0.465790,255.091218,3.756022,3.975779
0,541/12672,0.463874,255.555092,3.779622,3.975417
0,542/12672,0.464279,256.019371,4.281690,3.975981
0,543/12672,0.465514,256.484885,3.778956,3.975619
0,544/12672,0.466272,256.951158,3.993255,3.975651
0,545/12672,0.464058,257.415216,3.805244,3.975339
0,546/12672,0.464658,257.879874,3.923936,3.975245
0,547/12672,0.466245,258.346119,3.835754,3.974991
0,548/12672,0.465204,258.811323,3.868914,3.974797
0,549/12672,0.464703,259.276026,3.770365,3.974426
0,550/12672,0.464587,259.740614,3.862545,3.974223
0,551/12672,0.464185,260.204798,4.050613,3.974361
0,552/12672,0.463392,260.668190,3.791528,3.974030
0,553/12672,0.464778,261.132968,3.770030,3.973662
0,554/12672,0.466186,261.599154,3.940741,3.973603
0,555/12672,0.464562,262.063716,4.100491,3.973831
0,556/12672,0.466168,262.529884,3.913261,3.973722
0,557/12672,0.465017,262.994901,3.850802,3.973502
0,558/12672,0.466767,263.461668,3.761782,3.973123
0,559/12672,0.464991,263.926659,3.935304,3.973056
0,560/12672,0.465828,264.392487,4.016681,3.973133
0,561/12672,0.465019,264.857507,3.853834,3.972921
0,562/12672,0.464839,265.322346,4.042800,3.973045
0,563/12672,0.464375,265.786721,4.208327,3.973463
0,564/12672,0.463427,266.250147,3.790843,3.973139
0,565/12672,0.464750,266.714897,3.869182,3.972956
0,566/12672,0.466365,267.181262,3.759822,3.972580
0,567/12672,0.464244,267.645506,3.936179,3.972516
0,568/12672,0.465159,268.110666,3.793418,3.972201
0,569/12672,0.465349,268.576014,3.756306,3.971822
0,570/12672,0.466466,269.042481,4.081959,3.972015
0,571/12672,0.465008,269.507488,3.872888,3.971842
0,572/12672,0.465125,269.972614,4.221556,3.972277
0,573/12672,0.463897,270.436511,3.855830,3.972075
0,574/12672,0.466100,270.902610,3.744256,3.971678
0,575/12672,0.464194,271.366804,4.015258,3.971754
0,576/12672,0.464607,271.831411,4.133833,3.972035
0,577/12672,0.464688,272.296099,4.157985,3.972357
0,578/12672,0.464864,272.760963,3.999854,3.972404
0,579/12672,0.465415,273.226378,3.780280,3.972073
0,580/12672,0.464534,273.690912,3.737425,3.971669
0,581/12672,0.464345,274.155257,4.156138,3.971986
0,582/12672,0.465947,274.621205,3.681809,3.971488
0,583/12672,0.464120,275.085325,3.938569,3.971432
0,584/12672,0.465834,275.551159,3.802641,3.971143
0,585/12672,0.464364,276.015523,3.780169,3.970817
0,586/12672,0.466762,276.482285,4.078632,3.971001
0,587/12672,0.466377,276.948662,4.414886,3.971756
0,588/12672,0.465978,277.414639,4.012449,3.971825
0,589/12672,0.465199,277.879838,3.764996,3.971475
0,590/12672,0.464182,278.344021,3.847654,3.971265
0,591/12672,0.464743,278.808764,4.027329,3.971360
0,592/12672,0.465193,279.273957,3.909485,3.971255
0,593/12672,0.464541,279.738498,3.959328,3.971235
0,594/12672,0.465104,280.203602,3.856829,3.971043
0,595/12672,0.465102,280.668705,3.991614,3.971078
0,596/12672,0.464862,281.133567,3.975469,3.971085
0,597/12672,0.463915,281.597482,4.410101,3.971819
0,598/12672,0.466276,282.063757,3.900905,3.971701
0,599/12672,0.465972,282.529729,3.764319,3.971355
0,600/12672,0.463592,282.993321,3.943147,3.971308
0,601/12672,0.465768,283.459090,3.869800,3.971140
0,602/12672,0.463845,283.922935,4.128681,3.971401
0,603/12672,0.466730,284.389665,4.037976,3.971511
0,604/12672,0.466138,284.855803,4.229403,3.971937
0,605/12672,0.465784,285.321587,3.781756,3.971623
0,606/12672,0.464423,285.786011,3.809568,3.971356
0,607/12672,0.463938,286.249949,3.844676,3.971148
0,608/12672,0.465067,286.715016,3.821220,3.970902
0,609/12672,0.465923,287.180939,3.826831,3.970666
0,610/12672,0.464750,287.645689,3.872942,3.970506
0,611/12672,0.464656,288.110345,3.796306,3.970221
0,612/12672,0.466861,288.577206,3.621953,3.969653
0,613/12672,0.464748,289.041954,3.797436,3.969373
0,614/12672,0.464342,289.506297,3.886354,3.969238
0,615/12672,0.463864,289.970161,4.136616,3.969509
0,616/12672,0.463896,290.434057,3.629523,3.968958
0,617/12672,0.465356,290.899413,3.617065,3.968389
0,618/12672,0.464780,291.364193,3.764171,3.968059
0,619/12672,0.465491,291.829684,4.045383,3.968184
0,620/12672,0.464273,292.293957,3.872782,3.968030
0,621/12672,0.464018,292.757975,4.059582,3.968177
0,622/12672,0.466463,293.224438,3.831178,3.967957
0,623/12672,0.465596,293.690035,3.568922,3.967318
0,624/12672,0.464878,294.154913,3.789735,3.967034
0,625/12672,0.464169,294.619081,4.039293,3.967149
0,626/12672,0.466698,295.085780,3.931580,3.967092
0,627/12672,0.465046,295.550826,4.133417,3.967357
0,628/12672,0.464193,296.015019,4.513689,3.968226
0,629/12672,0.465905,296.480924,4.035838,3.968333
0,630/12672,0.464584,296.945508,3.955885,3.968313
0,631/12672,0.464759,297.410267,4.195109,3.968672
0,632/12672,0.465016,297.875283,3.967456,3.968670
0,633/12672,0.463834,298.339117,3.895562,3.968555
0,634/12672,0.465514,298.804631,3.809997,3.968305
0,635/12672,0.465161,299.269793,3.970738,3.968309
0,636/12672,0.464762,299.734555,3.833075,3.968097
0,637/12672,0.466659,300.201214,3.980819,3.968117
0,638/12672,0.465001,300.666215,4.395331,3.968785
0,639/12672,0.464323,301.130538,4.029575,3.968880
0,640/12672,0.464446,301.594984,3.769006,3.968569
0,641/12672,0.465975,302.060959,3.969736,3.968570
0,642/12672,0.464924,302.525883,3.896925,3.968459
0,643/12672,0.464623,302.990506,3.952736,3.968435
0,644/12672,0.464365,303.454870,4.090513,3.968624
0,645/12672,0.466125,303.920996,3.966379,3.968620
0,646/12672,0.463973,304.384968,3.710203,3.968221
0,647/12672,0.466923,304.851892,3.982968,3.968244
0,648/12672,0.463863,305.315755,3.968034,3.968243
0,649/12672,0.466158,305.781913,3.790826,3.967970
0,650/12672,0.463373,306.245286,3.916922,3.967892
0,651/12672,0.465643,306.710929,3.891397,3.967775
0,652/12672,0.464403,307.175332,3.880714,3.967641
0,653/12672,0.465342,307.640674,3.785558,3.967363
0,654/12672,0.466645,308.107320,3.959083,3.967350
0,655/12672,0.466282,308.573602,4.054650,3.967483
0,656/12672,0.466453,309.040055,3.917214,3.967407
0,657/12672,0.464581,309.504637,3.596097,3.966843
0,658/12672,0.464612,309.969249,3.600970,3.966287
0,659/12672,0.465876,310.435125,4.222136,3.966675
0,660/12672,0.466033,310.901158,3.975677,3.966689
0,661/12672,0.463893,311.365051,4.005645,3.966747
0,662/12672,0.465457,311.830508,3.721763,3.966378
0,663/12672,0.465528,312.296036,3.971739,3.966386
0,664/12672,0.465701,312.761737,3.834787,3.966188
0,665/12672,0.464848,313.226585,4.255334,3.966622
0,666/12672,0.464777,313.691362,4.175642,3.966936
0,667/12672,0.465047,314.156409,4.048347,3.967058
0,668/12672,0.466754,314.623163,4.004356,3.967113
0,669/12672,0.464520,315.087683,3.848832,3.966937
0,670/12672,0.464271,315.551954,3.786861,3.966668
0,671/12672,0.464990,316.016943,4.041840,3.966780
0,672/12672,0.463967,316.480910,3.883333,3.966656
0,673/12672,0.465524,316.946434,3.967816,3.966658
0,674/12672,0.464738,317.411173,3.879090,3.966528
0,675/12672,0.466335,317.877508,3.771122,3.966239
0,676/12672,0.464177,318.341685,4.069838,3.966392
0,677/12672,0.463711,318.805395,3.922714,3.966328
0,678/12672,0.463615,319.269010,3.965273,3.966326
0,679/12672,0.463843,319.732853,3.998624,3.966374
0,680/12672,0.464454,320.197307,3.901028,3.966278
0,681/12672,0.465185,320.662493,3.746820,3.965956
0,682/12672,0.464508,321.127001,3.780771,3.965685
0,683/12672,0.464222,321.591223,3.799902,3.965442
0,684/12672,0.465220,322.056443,3.836331,3.965254
0,685/12672,0.464633,322.521076,4.033301,3.965353
0,686/12672,0.463784,322.984860,3.702863,3.964971
0,687/12672,0.465018,323.449878,3.810982,3.964747
0,688/12672,0.465326,323.915204,4.737575,3.965869
0,689/12672,0.464895,324.380099,3.726169,3.965522
0,690/12672,0.465734,324.845833,3.976392,3.965537
0,691/12672,0.465727,325.311560,3.819544,3.965326
0,692/12672,0.465641,325.777201,3.925891,3.965269
0,693/12672,0.465169,326.242370,3.880114,3.965147
0,694/12672,0.463226,326.705596,4.096909,3.965336
0,695/12672,0.464630,327.170226,3.824467,3.965134
0,696/12672,0.465602,327.635828,3.801775,3.964899
0,697/12672,0.464289,328.100117,3.775341,3.964628
0,698/12672,0.465169,328.565286,3.982866,3.964654
0,699/12672,0.465440,329.030726,3.755412,3.964355
0,700/12672,0.465484,329.496210,3.623079,3.963868
0,701/12672,0.463974,329.960184,3.750850,3.963565
0,702/12672,0.467043,330.427227,3.733208,3.963237
0,703/12672,0.464538,330.891764,3.832304,3.963051
0,704/12672,0.463477,331.355241,4.063506,3.963194
0,705/12672,0.466329,331.821570,3.788478,3.962946
0,706/12672,0.464410,332.285980,4.007131,3.963009
0,707/12672,0.464574,332.750554,4.120503,3.963231
0,708/12672,0.464495,333.215049,4.086746,3.963405
0,709/12672,0.463712,333.678761,3.853005,3.963250
0,710/12672,0.465665,334.144425,4.093681,3.963433
0,711/12672,0.464690,334.609116,3.711205,3.963079
0,712/12672,0.465071,335.074187,3.830601,3.962893
0,713/12672,0.464758,335.538945,3.930682,3.962848
0,714/12672,0.463505,336.002450,3.978874,3.962871
0,715/12672,0.464669,336.467119,3.899699,3.962782
0,716/12672,0.465334,336.932453,3.702828,3.962420
0,717/12672,0.466308,337.398760,4.006768,3.962481
0,718/12672,0.465699,337.864459,3.902912,3.962399
0,719/12672,0.467005,338.331465,4.184604,3.962707
0,720/12672,0.464905,338.796369,4.146753,3.962963
0,721/12672,0.464119,339.260489,3.972044,3.962975
0,722/12672,0.464752,339.725241,4.094151,3.963157
0,723/12672,0.465413,340.190655,3.979115,3.963179
0,724/12672,0.463977,340.654632,4.138548,3.963420
0,725/12672,0.465472,341.120103,3.841658,3.963253
0,726/12672,0.465387,341.585491,4.127981,3.963479
0,727/12672,0.464891,342.050382,4.041724,3.963587
0,728/12672,0.464264,342.514646,4.172260,3.963873
0,729/12672,0.463614,342.978260,3.912108,3.963802
0,730/12672,0.464518,343.442778,3.941708,3.963772
0,731/12672,0.464871,343.907648,4.053661,3.963895
0,732/12672,0.465999,344.373647,3.895905,3.963802
0,733/12672,0.464639,344.838287,4.107476,3.963998
0,734/12672,0.465166,345.303453,3.909609,3.963924
0,735/12672,0.466579,345.770032,3.804235,3.963707
0,736/12672,0.463294,346.233326,3.900837,3.963621
0,737/12672,0.465301,346.698627,3.946592,3.963598
0,738/12672,0.464205,347.162832,3.929147,3.963552
0,739/12672,0.465330,347.628162,3.948715,3.963532
0,740/12672,0.464560,348.092721,3.756246,3.963252
0,741/12672,0.466374,348.559096,4.064331,3.963388
0,742/12672,0.463393,349.022489,3.733109,3.963078
0,743/12672,0.465723,349.488211,4.317380,3.963554
0,744/12672,0.465228,349.953439,3.853469,3.963407
0,745/12672,0.464389,350.417828,4.254058,3.963796
0,746/12672,0.464224,350.882053,4.107825,3.963989
0,747/12672,0.466560,351.348613,3.945843,3.963965
0,748/12672,0.466063,351.814676,3.896327,3.963875
0,749/12672,0.465335,352.280011,4.071755,3.964018
0,750/12672,0.464283,352.744293,4.282972,3.964443
0,751/12672,0.466529,353.210822,4.247077,3.964819
0,752/12672,0.464627,353.675449,3.947071,3.964795
0,753/12672,0.465475,354.140924,3.888784,3.964695
0,754/12672,0.464876,354.605800,4.029705,3.964781
0,755/12672,0.465657,355.071457,3.994227,3.964820
0,756/12672,0.465927,355.537384,3.809426,3.964614
0,757/12672,0.463428,356.000812,3.978902,3.964633
0,758/12672,0.466074,356.466886,4.040325,3.964733
0,759/12672,0.464428,356.931314,3.937139,3.964697
0,760/12672,0.465669,357.396983,3.816105,3.964501
0,761/12672,0.464425,357.861408,3.734944,3.964200
0,762/12672,0.465231,358.326638,4.034475,3.964292
0,763/12672,0.466665,358.793303,3.943971,3.964266
0,764/12672,0.465819,359.259123,3.915088,3.964201
0,765/12672,0.463795,359.722917,3.857592,3.964062
0,766/12672,0.464569,360.187486,3.838444,3.963898
0,767/12672,0.464325,360.651811,4.123549,3.964106
0,768/12672,0.466261,361.118072,4.138947,3.964334
0,769/12672,0.463344,361.581416,3.876276,3.964219
0,770/12672,0.464174,362.045590,3.976603,3.964235
0,771/12672,0.466344,362.511934,4.237255,3.964589
0,772/12672,0.463766,362.975700,3.814007,3.964394
0,773/12672,0.464877,363.440577,3.880419,3.964286
0,774/12672,0.464077,363.904655,4.168780,3.964550
0,775/12672,0.465175,364.369829,3.737681,3.964257
0,776/12672,0.464136,364.833966,3.839023,3.964096
0,777/12672,0.465274,365.299239,4.048415,3.964204
0,778/12672,0.463398,365.762637,4.101602,3.964381
0,779/12672,0.464993,366.227630,3.751121,3.964107
0,780/12672,0.466237,366.693867,3.773557,3.963863
0,781/12672,0.464029,367.157896,3.851923,3.963720
0,782/12672,0.464861,367.622756,4.166397,3.963979
0,783/12672,0.469364,368.092121,3.771119,3.963733
0,784/12672,0.466221,368.558341,3.960451,3.963729
0,785/12672,0.465258,369.023599,3.785497,3.963502
0,786/12672,0.465229,369.488829,3.724097,3.963198
0,787/12672,0.465764,369.954593,3.915365,3.963137
0,788/12672,0.464891,370.419484,4.460647,3.963768
0,789/12672,0.465646,370.885130,3.805254,3.963567
0,790/12672,0.463989,371.349119,4.075605,3.963709
0,791/12672,0.465622,371.814741,3.828589,3.963538
0,792/12672,0.465767,372.280508,3.693727,3.963198
0,793/12672,0.465844,372.746352,4.002176,3.963247
0,794/12672,0.464356,373.210708,4.153233,3.963486
0,795/12672,0.466230,373.676938,3.707388,3.963164
0,796/12672,0.463651,374.140589,3.967343,3.963170
0,797/12672,0.464371,374.604960,3.936498,3.963136
0,798/12672,0.466649,375.071609,3.962213,3.963135
0,799/12672,0.464469,375.536078,3.749074,3.962867
0,800/12672,0.465270,376.001348,3.926531,3.962822
0,801/12672,0.464602,376.465950,3.747090,3.962553
0,802/12672,0.463457,376.929407,3.862165,3.962428
0,803/12672,0.465053,377.394460,3.675997,3.962072
0,804/12672,0.464567,377.859027,3.852031,3.961935
0,805/12672,0.465126,378.324153,3.788351,3.961720
0,806/12672,0.464783,378.788936,3.836325,3.961564
0,807/12672,0.465424,379.254360,3.879103,3.961462
0,808/12672,0.466484,379.720844,3.947566,3.961445
0,809/12672,0.465975,380.186819,3.873451,3.961336
0,810/12672,0.464976,380.651795,3.773083,3.961104
0,811/12672,0.464564,381.116359,4.381244,3.961622
0,812/12672,0.465057,381.581417,3.860572,3.961497
0,813/12672,0.464913,382.046329,3.914694,3.961440
0,814/12672,0.464563,382.510893,4.060612,3.961562
0,815/12672,0.465619,382.976511,3.729482,3.961277
0,816/12672,0.464861,383.441372,3.963413,3.961280
0,817/12672,0.465945,383.907317,3.874974,3.961174
0,818/12672,0.464362,384.371679,4.151107,3.961406
0,819/12672,0.465528,384.837206,3.808357,3.961220
0,820/12672,0.463990,385.301197,3.830453,3.961060
0,821/12672,0.466130,385.767327,3.889361,3.960973
0,822/12672,0.465464,386.232790,3.897432,3.960896
0,823/12672,0.464130,386.696920,3.921966,3.960849
0,824/12672,0.465921,387.162842,4.067250,3.960978
0,825/12672,0.464907,387.627749,3.919721,3.960928
0,826/12672,0.464816,388.092566,3.805937,3.960740
0,827/12672,0.464257,388.556822,3.829312,3.960581
0,828/12672,0.465763,389.022585,3.862469,3.960463
0,829/12672,0.464158,389.486743,3.725525,3.960180
0,830/12672,0.464343,389.951086,3.885833,3.960091
0,831/12672,0.465471,390.416557,3.907784,3.960028
0,832/12672,0.463601,390.880158,4.042673,3.960127
0,833/12672,0.465290,391.345448,3.980741,3.960152
0,834/12672,0.465503,391.810951,3.906903,3.960088
0,835/12672,0.466261,392.277212,3.753591,3.959841
0,836/12672,0.465819,392.743030,3.960690,3.959842
0,837/12672,0.465474,393.208505,4.251480,3.960190
0,838/12672,0.463773,393.672277,3.842086,3.960049
0,839/12672,0.464853,394.137131,3.631088,3.959658
0,840/12672,0.466024,394.603155,3.875867,3.959558
0,841/12672,0.464138,395.067293,3.866024,3.959447
0,842/12672,0.465116,395.532409,3.939015,3.959423
0,843/12672,0.464549,395.996958,4.119192,3.959612
0,844/12672,0.463460,396.460418,3.863958,3.959499
0,845/12672,0.465129,396.925546,3.740862,3.959240
0,846/12672,0.465852,397.391399,3.814637,3.959070
0,847/12672,0.466754,397.858153,3.944102,3.959052
0,848/12672,0.465150,398.323303,3.905885,3.958989
0,849/12672,0.466173,398.789476,3.770313,3.958767
0,850/12672,0.464882,399.254358,3.916333,3.958717
0,851/12672,0.464278,399.718637,3.764238,3.958489
0,852/12672,0.464484,400.183120,3.713589,3.958202
0,853/12672,0.463645,400.646765,3.945386,3.958187
0,854/12672,0.466453,401.113218,3.894147,3.958112
0,855/12672,0.465593,401.578812,3.801480,3.957929
0,856/12672,0.466085,402.044897,3.978269,3.957953
0,857/12672,0.464200,402.509097,3.707744,3.957661
0,858/12672,0.464939,402.974036,3.964334,3.957669
0,859/12672,0.464576,403.438611,3.721293,3.957394
0,860/12672,0.464308,403.902919,3.829373,3.957245
0,861/12672,0.464115,404.367034,4.052814,3.957356
0,862/12672,0.463640,404.830674,3.798944,3.957173
0,863/12672,0.466287,405.296962,4.002638,3.957225
0,864/12672,0.465324,405.762286,3.923285,3.957186
0,865/12672,0.466851,406.229137,3.875306,3.957092
0,866/12672,0.463091,406.692228,3.745575,3.956848
0,867/12672,0.467237,407.159465,4.020635,3.956921
0,868/12672,0.463696,407.623161,3.997393,3.956968
0,869/12672,0.464380,408.087540,3.765141,3.956747
0,870/12672,0.464011,408.551551,3.970713,3.956763
0,871/12672,0.465503,409.017055,3.878163,3.956673
0,872/12672,0.463921,409.480976,4.078849,3.956813
0,873/12672,0.463684,409.944660,3.977843,3.956837
0,874/12672,0.465604,410.410264,4.140790,3.957047
0,875/12672,0.463436,410.873700,3.731536,3.956790
0,876/12672,0.463821,411.337521,4.018922,3.956861
0,877/12672,0.465482,411.803003,4.061184,3.956980
0,878/12672,0.465784,412.268787,3.730662,3.956722
0,879/12672,0.465719,412.734507,3.925142,3.956686
0,880/12672,0.464590,413.199097,3.706862,3.956403
0,881/12672,0.465797,413.664894,3.906103,3.956346
0,882/12672,0.466213,414.131107,3.806484,3.956176
0,883/12672,0.466038,414.597144,3.817732,3.956019
0,884/12672,0.463726,415.060870,4.207046,3.956303
0,885/12672,0.466196,415.527066,3.922042,3.956264
0,886/12672,0.464310,415.991376,3.676364,3.955949
0,887/12672,0.465760,416.457137,3.856043,3.955836
0,888/12672,0.465876,416.923013,3.898818,3.955772
0,889/12672,0.465283,417.388296,4.027570,3.955853
0,890/12672,0.466043,417.854340,3.740462,3.955611
0,891/12672,0.465602,418.319942,3.878377,3.955524
0,892/12672,0.464167,418.784109,3.740513,3.955284
0,893/12672,0.465012,419.249121,4.267365,3.955633
0,894/12672,0.464336,419.713457,3.736052,3.955387
0,895/12672,0.466093,420.179550,3.837124,3.955255
0,896/12672,0.464423,420.643973,3.809414,3.955093
0,897/12672,0.466340,421.110313,4.102168,3.955257
0,898/12672,0.464179,421.574492,4.042949,3.955354
0,899/12672,0.466571,422.041063,3.966491,3.955367
0,900/12672,0.465349,422.506412,4.064130,3.955487
0,901/12672,0.464537,422.970949,3.885637,3.955410
0,902/12672,0.464066,423.435014,3.886776,3.955334
0,903/12672,0.465659,423.900674,3.852139,3.955220
0,904/12672,0.464426,424.365100,3.731301,3.954972
0,905/12672,0.463484,424.828584,3.921550,3.954935
0,906/12672,0.464503,425.293087,3.992672,3.954977
0,907/12672,0.466315,425.759402,3.879198,3.954893
0,908/12672,0.465479,426.224881,3.862254,3.954792
0,909/12672,0.464914,426.689795,3.783213,3.954603
0,910/12672,0.464347,427.154142,3.956641,3.954605
0,911/12672,0.465937,427.620079,3.785185,3.954419
0,912/12672,0.467748,428.087827,3.806788,3.954258
0,913/12672,0.469448,428.557275,3.744909,3.954029
0,914/12672,0.462108,429.019383,4.060259,3.954145
0,915/12672,0.467356,429.486739,3.791166,3.953967
0,916/12672,0.464010,429.950749,3.728845,3.953721
0,917/12672,0.464019,430.414768,4.067876,3.953846
0,918/12672,0.464464,430.879232,3.765952,3.953641
0,919/12672,0.464947,431.344179,3.861928,3.953542
0,920/12672,0.464700,431.808879,3.953786,3.953542
0,921/12672,0.464307,432.273186,3.987267,3.953578
0,922/12672,0.465532,432.738718,4.012987,3.953643
0,923/12672,0.464571,433.203288,3.718408,3.953388
0,924/12672,0.464244,433.667532,4.270648,3.953731
0,925/12672,0.464362,434.131895,4.059807,3.953846
0,926/12672,0.465451,434.597345,4.018116,3.953915
0,927/12672,0.464680,435.062026,3.816635,3.953767
0,928/12672,0.465129,435.527155,3.938153,3.953750
0,929/12672,0.463791,435.990946,4.047864,3.953852
0,930/12672,0.465608,436.456553,3.917648,3.953813
0,931/12672,0.464756,436.921309,3.893150,3.953748
0,932/12672,0.466523,437.387833,3.702719,3.953479
0,933/12672,0.466275,437.854108,4.030052,3.953561
0,934/12672,0.465152,438.319259,3.853635,3.953454
0,935/12672,0.464799,438.784058,3.715882,3.953200
0,936/12672,0.465672,439.249730,4.030604,3.953282
0,937/12672,0.463994,439.713723,4.269703,3.953620
0,938/12672,0.465246,440.178969,3.834259,3.953493
0,939/12672,0.464947,440.643916,3.800531,3.953330
0,940/12672,0.464447,441.108363,3.862029,3.953233
0,941/12672,0.465038,441.573401,3.887686,3.953163
0,942/12672,0.465742,442.039143,3.994309,3.953207
0,943/12672,0.465560,442.504703,3.839406,3.953086
0,944/12672,0.464578,442.969281,3.905173,3.953036
0,945/12672,0.464170,443.433450,3.765860,3.952838
0,946/12672,0.465259,443.898709,3.775084,3.952650
0,947/12672,0.464081,444.362790,3.609620,3.952288
0,948/12672,0.465587,444.828377,3.788331,3.952116
0,949/12672,0.464114,445.292491,3.658952,3.951807
0,950/12672,0.464119,445.756610,3.792661,3.951640
0,951/12672,0.465892,446.222502,3.841411,3.951524
0,952/12672,0.465895,446.688397,3.844376,3.951411
0,953/12672,0.464770,447.153167,3.745977,3.951196
0,954/12672,0.464713,447.617879,3.694084,3.950927
0,955/12672,0.463929,448.081809,3.589333,3.950549
0,956/12672,0.464630,448.546439,4.292916,3.950906
0,957/12672,0.464807,449.011246,3.924822,3.950879
0,958/12672,0.464430,449.475676,3.919299,3.950846
0,959/12672,0.466005,449.941681,3.887662,3.950780
0,960/12672,0.465493,450.407174,4.148696,3.950986
0,961/12672,0.464271,450.871444,3.960347,3.950996
0,962/12672,0.464267,451.335712,3.794090,3.950833
0,963/12672,0.465631,451.801343,3.709086,3.950582
0,964/12672,0.465254,452.266596,3.834782,3.950462
0,965/12672,0.464210,452.730806,4.272687,3.950796
0,966/12672,0.464266,453.195072,3.947450,3.950792
0,967/12672,0.465439,453.660511,3.835064,3.950673
0,968/12672,0.464190,454.124701,3.827878,3.950546
0,969/12672,0.467020,454.591721,3.855504,3.950448
0,970/12672,0.464767,455.056488,3.736102,3.950227
0,971/12672,0.465820,455.522308,4.163472,3.950447
0,972/12672,0.464603,455.986911,3.899752,3.950395
0,973/12672,0.464363,456.451274,3.803496,3.950244
0,974/12672,0.465466,456.916740,4.045603,3.950342
0,975/12672,0.465124,457.381864,3.993297,3.950386
0,976/12672,0.464514,457.846378,4.073917,3.950512
0,977/12672,0.464961,458.311338,3.648391,3.950203
0,978/12672,0.465196,458.776534,3.705750,3.949954
0,979/12672,0.465349,459.241883,3.691992,3.949690
0,980/12672,0.464261,459.706144,3.808537,3.949546
0,981/12672,0.466788,460.172932,3.846543,3.949442
0,982/12672,0.463062,460.635994,3.699366,3.949187
0,983/12672,0.463513,461.099507,3.961791,3.949200
0,984/12672,0.464917,461.564424,4.276604,3.949532
0,985/12672,0.465500,462.029924,3.802773,3.949383
0,986/12672,0.464112,462.494036,3.631704,3.949062
0,987/12672,0.464915,462.958951,3.924096,3.949036
0,988/12672,0.466732,463.425683,4.022575,3.949111
0,989/12672,0.465547,463.891230,3.955298,3.949117
0,990/12672,0.464938,464.356168,3.740962,3.948907
0,991/12672,0.464819,464.820987,3.646861,3.948602
0,992/12672,0.467080,465.288067,4.074342,3.948729
0,993/12672,0.464247,465.752314,4.007414,3.948788
0,994/12672,0.465915,466.218229,4.003783,3.948843
0,995/12672,0.466463,466.684692,3.841132,3.948735
0,996/12672,0.464921,467.149613,3.752059,3.948538
0,997/12672,0.463215,467.612828,3.868282,3.948458
0,998/12672,0.465239,468.078067,3.906421,3.948415
0,999/12672,0.464963,468.543030,3.765581,3.948233
0,1000/12672,0.465441,469.008471,3.846024,3.948131
0,1001/12672,0.465478,469.473948,3.729952,3.947913
0,1002/12672,0.464441,469.938389,3.716130,3.947682
0,1003/12672,0.466050,470.404439,3.770944,3.947506
0,1004/12672,0.464309,470.868748,4.176081,3.947733
0,1005/12672,0.464058,471.332806,4.193254,3.947977
0,1006/12672,0.465315,471.798121,4.141345,3.948169
0,1007/12672,0.466031,472.264152,3.950634,3.948172
0,1008/12672,0.464882,472.729034,4.019895,3.948243
0,1009/12672,0.464087,473.193121,4.146964,3.948439
0,1010/12672,0.465778,473.658899,3.769217,3.948262
0,1011/12672,0.465409,474.124308,4.028771,3.948342
0,1012/12672,0.464333,474.588641,3.986663,3.948380
0,1013/12672,0.464605,475.053246,3.779943,3.948213
0,1014/12672,0.463851,475.517097,4.083682,3.948347
0,1015/12672,0.464659,475.981755,3.988566,3.948387
0,1016/12672,0.464693,476.446449,4.057696,3.948494
0,1017/12672,0.464572,476.911021,4.045816,3.948590
0,1018/12672,0.465678,477.376699,3.987941,3.948628
0,1019/12672,0.464288,477.840987,3.943311,3.948623
0,1020/12672,0.465791,478.306778,3.797321,3.948475
0,1021/12672,0.464353,478.771132,4.129410,3.948652
0,1022/12672,0.465601,479.236733,4.434415,3.949127
0,1023/12672,0.464039,479.700772,4.005241,3.949181
0,1024/12672,0.467214,480.167986,3.984682,3.949216
0,1025/12672,0.465453,480.633440,3.897877,3.949166
0,1026/12672,0.466086,481.099525,3.747172,3.948969
0,1027/12672,0.464805,481.564331,3.816856,3.948841
0,1028/12672,0.465085,482.029416,3.862266,3.948757
0,1029/12672,0.466254,482.495670,3.990175,3.948797
0,1030/12672,0.466635,482.962305,3.893520,3.948743
0,1031/12672,0.463762,483.426067,3.954254,3.948749
0,1032/12672,0.465270,483.891336,3.777995,3.948583
0,1033/12672,0.464828,484.356164,3.815430,3.948455
0,1034/12672,0.464819,484.820982,3.969952,3.948475
0,1035/12672,0.464153,485.285136,3.820746,3.948352
0,1036/12672,0.463921,485.749056,4.096153,3.948495
0,1037/12672,0.465435,486.214491,3.803849,3.948355
0,1038/12672,0.465751,486.680243,3.908791,3.948317
0,1039/12672,0.464191,487.144434,3.651049,3.948031
0,1040/12672,0.466261,487.610695,3.839476,3.947927
0,1041/12672,0.465525,488.076220,3.800163,3.947785
0,1042/12672,0.466089,488.542309,3.764540,3.947610
0,1043/12672,0.466400,489.008708,4.006620,3.947666
0,1044/12672,0.463406,489.472115,3.913413,3.947633
0,1045/12672,0.466568,489.938683,4.164487,3.947841
0,1046/12672,0.463927,490.402610,3.794182,3.947694
0,1047/12672,0.464170,490.866780,3.742257,3.947498
0,1048/12672,0.464802,491.331582,4.130580,3.947672
0,1049/12672,0.465035,491.796617,3.888399,3.947616
0,1050/12672,0.463970,492.260587,3.735348,3.947414
0,1051/12672,0.464097,492.724684,3.984544,3.947449
0,1052/12672,0.463980,493.188664,4.039146,3.947536
0,1053/12672,0.463907,493.652571,3.838034,3.947432
0,1054/12672,0.464109,494.116681,4.145739,3.947620
0,1055/12672,0.465261,494.581942,4.193297,3.947853
0,1056/12672,0.464568,495.046510,3.876278,3.947785
0,1057/12672,0.465936,495.512446,3.794920,3.947641
0,1058/12672,0.464289,495.976735,3.963831,3.947656
0,1059/12672,0.464759,496.441494,4.003450,3.947709
0,1060/12672,0.463568,496.905063,3.718528,3.947493
0,1061/12672,0.466139,497.371202,3.831587,3.947384
0,1062/12672,0.464148,497.835349,4.116183,3.947542
0,1063/12672,0.466118,498.301467,4.155758,3.947738
0,1064/12672,0.463490,498.764957,4.114727,3.947895
0,1065/12672,0.463362,499.228319,3.843335,3.947797
0,1066/12672,0.464797,499.693116,3.874110,3.947728
0,1067/12672,0.464469,500.157585,3.956552,3.947736
0,1068/12672,0.464765,500.622350,3.957056,3.947745
0,1069/12672,0.464480,501.086830,3.694983,3.947509
0,1070/12672,0.466128,501.552958,3.783183,3.947355
0,1071/12672,0.463982,502.016940,3.730668,3.947153
0,1072/12672,0.465165,502.482104,3.926940,3.947134
0,1073/12672,0.466123,502.948228,3.801566,3.946999
0,1074/12672,0.463979,503.412206,3.627138,3.946701
0,1075/12672,0.465649,503.877856,3.810216,3.946574
0,1076/12672,0.464215,504.342070,3.941679,3.946570
0,1077/12672,0.464422,504.806493,4.294621,3.946893
0,1078/12672,0.464602,505.271095,4.213064,3.947139
0,1079/12672,0.463232,505.734327,4.313567,3.947478
0,1080/12672,0.465266,506.199592,3.849780,3.947388
0,1081/12672,0.464846,506.664438,3.975273,3.947414
0,1082/12672,0.466624,507.131062,4.002974,3.947465
0,1083/12672,0.466614,507.597676,3.850879,3.947376
0,1084/12672,0.466005,508.063680,3.935138,3.947365
0,1085/12672,0.465671,508.529351,4.078392,3.947485
0,1086/12672,0.464364,508.993716,3.918234,3.947459
0,1087/12672,0.464774,509.458490,3.898343,3.947413
0,1088/12672,0.464140,509.922630,3.886696,3.947358
0,1089/12672,0.465993,510.388623,4.025585,3.947429
0,1090/12672,0.465191,510.853814,3.970591,3.947451
0,1091/12672,0.464589,511.318403,3.918069,3.947424
0,1092/12672,0.465956,511.784360,3.825247,3.947312
0,1093/12672,0.464947,512.249306,3.712034,3.947097
0,1094/12672,0.465782,512.715088,4.248127,3.947372
0,1095/12672,0.464598,513.179686,3.772080,3.947212
0,1096/12672,0.466083,513.645769,3.734541,3.947018
0,1097/12672,0.466038,514.111806,3.669248,3.946765
0,1098/12672,0.464367,514.576173,3.723519,3.946562
0,1099/12672,0.463775,515.039948,3.879538,3.946501
0,1100/12672,0.464358,515.504306,4.173161,3.946707
0,1101/12672,0.464834,515.969140,3.924224,3.946686
0,1102/12672,0.464630,516.433769,4.109489,3.946834
0,1103/12672,0.466867,516.900637,3.848235,3.946745
0,1104/12672,0.463975,517.364612,3.855216,3.946662
0,1105/12672,0.463923,517.828535,4.018661,3.946727
0,1106/12672,0.465057,518.293592,3.927399,3.946710
0,1107/12672,0.464200,518.757792,3.758279,3.946539
0,1108/12672,0.465262,519.223054,3.696916,3.946314
0,1109/12672,0.465014,519.688068,3.629272,3.946029
0,1110/12672,0.463329,520.151397,3.598349,3.945716
0,1111/12672,0.464230,520.615627,4.032804,3.945794
0,1112/12672,0.466255,521.081883,3.846074,3.945705
0,1113/12672,0.465555,521.547437,4.024346,3.945775
0,1114/12672,0.466785,522.014222,4.035808,3.945856
0,1115/12672,0.464582,522.478804,3.944259,3.945854
0,1116/12672,0.464753,522.943557,3.874241,3.945790
0,1117/12672,0.466458,523.410016,3.745692,3.945611
0,1118/12672,0.465396,523.875412,3.804798,3.945486
0,1119/12672,0.464578,524.339990,4.189272,3.945703
0,1120/12672,0.463711,524.803701,3.585912,3.945382
0,1121/12672,0.464794,525.268495,3.590331,3.945066
0,1122/12672,0.464819,525.733314,3.920535,3.945044
0,1123/12672,0.463776,526.197090,3.734830,3.944857
0,1124/12672,0.466510,526.663599,4.210327,3.945093
0,1125/12672,0.465443,527.129042,3.882459,3.945037
0,1126/12672,0.463894,527.592937,3.874581,3.944975
0,1127/12672,0.464893,528.057830,3.988286,3.945013
0,1128/12672,0.465340,528.523169,3.888489,3.944963
0,1129/12672,0.467192,528.990361,4.037747,3.945045
0,1130/12672,0.465191,529.455552,3.719172,3.944845
0,1131/12672,0.465330,529.920882,4.215312,3.945084
0,1132/12672,0.464543,530.385426,3.740417,3.944904
0,1133/12672,0.466333,530.851758,3.857543,3.944827
0,1134/12672,0.464331,531.316089,3.759966,3.944664
0,1135/12672,0.465213,531.781302,3.734288,3.944479
0,1136/12672,0.465146,532.246449,3.790988,3.944344
0,1137/12672,0.464895,532.711344,3.914342,3.944317
0,1138/12672,0.464983,533.176327,4.071235,3.944429
0,1139/12672,0.466400,533.642728,3.912069,3.944400
0,1140/12672,0.465229,534.107956,3.769879,3.944247
0,1141/12672,0.464757,534.572713,3.815657,3.944135
0,1142/12672,0.464902,535.037615,4.480782,3.944604
0,1143/12672,0.465053,535.502669,3.610314,3.944312
0,1144/12672,0.463957,535.966626,3.914701,3.944286
0,1145/12672,0.465016,536.431641,3.814063,3.944173
0,1146/12672,0.465291,536.896932,4.134539,3.944339
0,1147/12672,0.464537,537.361469,3.710056,3.944134
0,1148/12672,0.464257,537.825726,3.831899,3.944037
0,1149/12672,0.464262,538.289988,3.808076,3.943919
0,1150/12672,0.464615,538.754603,3.914689,3.943893
0,1151/12672,0.464982,539.219585,3.736209,3.943713
0,1152/12672,0.465019,539.684604,4.105954,3.943854
0,1153/12672,0.465677,540.150281,3.771409,3.943704
0,1154/12672,0.464688,540.614969,3.976804,3.943733
0,1155/12672,0.464982,541.079951,3.863372,3.943663
0,1156/12672,0.465735,541.545686,3.740799,3.943488
0,1157/12672,0.466096,542.011782,3.950118,3.943494
0,1158/12672,0.465102,542.476884,4.035675,3.943573
0,1159/12672,0.464687,542.941571,3.755917,3.943411
0,1160/12672,0.464886,543.406456,3.928396,3.943399
0,1161/12672,0.464792,543.871248,4.075965,3.943513
0,1162/12672,0.464319,544.335567,3.976175,3.943541
0,1163/12672,0.465148,544.800715,3.940678,3.943538
0,1164/12672,0.465703,545.266418,3.797851,3.943413
0,1165/12672,0.465122,545.731540,4.209047,3.943641
0,1166/12672,0.465042,546.196583,3.997483,3.943687
0,1167/12672,0.464722,546.661304,3.955499,3.943697
0,1168/12672,0.465091,547.126395,3.688056,3.943479
0,1169/12672,0.464940,547.591336,3.872041,3.943418
0,1170/12672,0.467439,548.058775,3.660425,3.943176
0,1171/12672,0.465650,548.524425,3.780715,3.943037
0,1172/12672,0.466637,548.991063,3.818992,3.942931
0,1173/12672,0.465152,549.456215,4.257928,3.943200
0,1174/12672,0.465668,549.921883,3.836677,3.943109
0,1175/12672,0.464857,550.386740,3.885157,3.943060
0,1176/12672,0.466042,550.852783,3.849425,3.942980
0,1177/12672,0.465624,551.318407,3.749597,3.942816
0,1178/12672,0.465465,551.783872,3.879769,3.942763
0,1179/12672,0.465250,552.249121,4.126558,3.942918
0,1180/12672,0.466732,552.715853,3.869962,3.942857
0,1181/12672,0.464959,553.180813,3.713119,3.942662
0,1182/12672,0.466194,553.647007,3.893095,3.942620
0,1183/12672,0.464878,554.111884,3.822817,3.942519
0,1184/12672,0.464721,554.576606,3.972214,3.942544
0,1185/12672,0.464841,555.041447,3.797293,3.942422
0,1186/12672,0.464543,555.505990,3.889523,3.942377
0,1187/12672,0.464580,555.970570,4.068732,3.942484
0,1188/12672,0.462841,556.433411,3.760717,3.942331
0,1189/12672,0.465348,556.898759,3.600637,3.942044
0,1190/12672,0.464226,557.362986,3.929595,3.942033
0,1191/12672,0.466357,557.829343,3.593766,3.941741
0,1192/12672,0.465572,558.294914,3.768505,3.941596
0,1193/12672,0.466169,558.761083,3.658086,3.941358
0,1194/12672,0.465503,559.226586,4.080994,3.941475
0,1195/12672,0.464814,559.691400,4.085031,3.941595
0,1196/12672,0.464656,560.156056,4.241977,3.941846
0,1197/12672,0.466520,560.622576,4.019277,3.941911
0,1198/12672,0.463993,561.086568,4.095545,3.942039
0,1199/12672,0.464495,561.551064,3.893131,3.941998
0,1200/12672,0.464488,562.015552,3.864636,3.941934
0,1201/12672,0.466092,562.481644,3.684394,3.941719
0,1202/12672,0.465331,562.946975,3.814847,3.941614
0,1203/12672,0.464660,563.411635,3.826830,3.941519
0,1204/12672,0.464515,563.876150,3.867922,3.941458
0,1205/12672,0.465817,564.341968,3.906205,3.941428
0,1206/12672,0.465296,564.807263,3.658116,3.941194
0,1207/12672,0.465746,565.273010,4.047346,3.941281
0,1208/12672,0.464916,565.737926,3.795486,3.941161
0,1209/12672,0.463208,566.201134,3.873842,3.941105
0,1210/12672,0.465948,566.667082,3.529201,3.940765
0,1211/12672,0.465623,567.132705,3.727298,3.940589
0,1212/12672,0.463390,567.596095,4.056613,3.940685
0,1213/12672,0.465676,568.061771,3.987456,3.940723
0,1214/12672,0.464469,568.526240,4.095379,3.940850
0,1215/12672,0.464998,568.991238,3.953403,3.940861
0,1216/12672,0.465433,569.456671,3.920836,3.940844
0,1217/12672,0.466289,569.922960,4.072458,3.940952
0,1218/12672,0.464866,570.387826,3.967187,3.940974
0,1219/12672,0.466412,570.854239,3.872971,3.940918
0,1220/12672,0.465612,571.319850,3.794978,3.940799
0,1221/12672,0.466559,571.786410,4.002878,3.940849
0,1222/12672,0.464621,572.251030,3.828380,3.940757
0,1223/12672,0.466342,572.717373,3.808452,3.940649
0,1224/12672,0.464379,573.181751,3.981519,3.940683
0,1225/12672,0.466170,573.647922,3.919591,3.940666
0,1226/12672,0.465376,574.113297,3.821941,3.940569
0,1227/12672,0.466538,574.579836,3.647861,3.940330
0,1228/12672,0.463489,575.043325,3.795252,3.940212
0,1229/12672,0.465482,575.508807,3.874631,3.940159
0,1230/12672,0.465214,575.974022,4.054897,3.940252
0,1231/12672,0.464067,576.438089,3.729633,3.940081
0,1232/12672,0.465113,576.903202,3.959065,3.940097
0,1233/12672,0.464479,577.367681,4.054475,3.940189
0,1234/12672,0.465473,577.833154,3.753124,3.940038
0,1235/12672,0.464020,578.297175,4.043396,3.940122
0,1236/12672,0.464297,578.761472,3.706918,3.939933
0,1237/12672,0.464642,579.226113,3.538735,3.939609
0,1238/12672,0.463729,579.689842,3.827603,3.939519
0,1239/12672,0.466289,580.156131,4.200580,3.939729
0,1240/12672,0.465186,580.621316,3.780591,3.939601
0,1241/12672,0.465194,581.086510,4.250529,3.939851
0,1242/12672,0.465156,581.551666,3.693196,3.939653
0,1243/12672,0.464123,582.015789,3.866518,3.939594
0,1244/12672,0.464777,582.480566,3.756638,3.939447
0,1245/12672,0.465709,582.946276,3.668358,3.939229
0,1246/12672,0.465053,583.411329,4.138642,3.939389
0,1247/12672,0.465484,583.876812,3.865288,3.939330
0,1248/12672,0.464128,584.340940,3.887302,3.939288
0,1249/12672,0.466077,584.807017,3.734514,3.939125
0,1250/12672,0.464554,585.271571,3.913937,3.939104
0,1251/12672,0.465749,585.737320,3.872317,3.939051
0,1252/12672,0.465103,586.202423,3.833855,3.938967
0,1253/12672,0.466269,586.668692,3.882948,3.938922
0,1254/12672,0.464709,587.133401,3.955828,3.938936
0,1255/12672,0.465905,587.599306,3.984830,3.938972
0,1256/12672,0.464871,588.064177,3.806664,3.938867
0,1257/12672,0.465035,588.529212,3.967405,3.938890
0,1258/12672,0.463740,588.992951,3.857747,3.938825
0,1259/12672,0.464662,589.457613,3.630629,3.938581
0,1260/12672,0.466145,589.923758,4.054893,3.938673
0,1261/12672,0.464439,590.388197,3.765566,3.938536
0,1262/12672,0.463097,590.851294,3.923716,3.938524
0,1263/12672,0.465742,591.317036,3.718433,3.938350
0,1264/12672,0.464492,591.781528,3.620143,3.938098
0,1265/12672,0.464967,592.246495,4.072473,3.938205
0,1266/12672,0.466110,592.712605,3.598809,3.937937
0,1267/12672,0.466552,593.179157,3.915967,3.937919
0,1268/12672,0.463982,593.643139,3.852400,3.937852
0,1269/12672,0.464705,594.107844,3.932956,3.937848
0,1270/12672,0.464490,594.572335,3.896420,3.937816
0,1271/12672,0.465673,595.038007,3.754208,3.937671
0,1272/12672,0.464681,595.502688,3.863782,3.937613
0,1273/12672,0.466407,595.969095,4.082344,3.937727
0,1274/12672,0.464794,596.433889,3.728583,3.937563
0,1275/12672,0.463522,596.897411,4.016340,3.937624
0,1276/12672,0.464329,597.361740,4.122145,3.937769
0,1277/12672,0.465229,597.826969,3.743968,3.937617
0,1278/12672,0.463660,598.290629,4.220102,3.937838
0,1279/12672,0.465672,598.756301,3.682164,3.937638
0,1280/12672,0.464684,599.220985,3.600390,3.937375
0,1281/12672,0.465819,599.686804,3.828696,3.937290
0,1282/12672,0.463738,600.150542,3.705757,3.937110
0,1283/12672,0.465209,600.615750,3.917444,3.937095
0,1284/12672,0.465633,601.081383,3.726500,3.936931
0,1285/12672,0.465047,601.546430,3.540320,3.936622
0,1286/12672,0.464699,602.011129,4.128129,3.936771
0,1287/12672,0.464561,602.475690,3.770829,3.936642
0,1288/12672,0.467188,602.942878,3.499045,3.936303
0,1289/12672,0.465848,603.408727,3.992677,3.936347
0,1290/12672,0.465798,603.874524,3.841424,3.936273
0,1291/12672,0.464838,604.339362,3.682379,3.936076
0,1292/12672,0.465212,604.804574,3.847941,3.936008
0,1293/12672,0.465127,605.269701,3.956799,3.936024
0,1294/12672,0.464586,605.734288,3.747936,3.935879
0,1295/12672,0.464757,606.199045,3.798527,3.935773
0,1296/12672,0.463665,606.662711,4.038682,3.935853
0,1297/12672,0.464689,607.127400,3.639545,3.935624
0,1298/12672,0.466203,607.593603,4.190832,3.935821
0,1299/12672,0.466721,608.060324,3.608879,3.935569
0,1300/12672,0.465695,608.526020,4.468003,3.935978
0,1301/12672,0.465142,608.991162,3.969409,3.936004
0,1302/12672,0.465367,609.456528,4.183230,3.936194
0,1303/12672,0.465647,609.922175,4.034676,3.936269
0,1304/12672,0.466730,610.388905,4.069435,3.936371
0,1305/12672,0.465179,610.854084,3.950020,3.936382
0,1306/12672,0.464027,611.318111,3.718360,3.936215
0,1307/12672,0.466315,611.784426,3.790054,3.936103
0,1308/12672,0.464720,612.249146,3.920196,3.936091
0,1309/12672,0.464256,612.713401,3.898329,3.936062
0,1310/12672,0.463390,613.176791,3.951583,3.936074
0,1311/12672,0.466419,613.643210,3.787988,3.935961
0,1312/12672,0.464361,614.107571,3.879111,3.935918
0,1313/12672,0.465202,614.572773,3.886315,3.935880
0,1314/12672,0.464708,615.037481,3.866677,3.935828
0,1315/12672,0.466614,615.504095,3.899125,3.935800
0,1316/12672,0.464389,615.968484,3.970513,3.935826
0,1317/12672,0.465083,616.433567,3.848655,3.935760
0,1318/12672,0.466214,616.899781,3.829845,3.935680
0,1319/12672,0.466501,617.366282,4.197965,3.935878
0,1320/12672,0.464802,617.831084,3.855440,3.935817
0,1321/12672,0.463646,618.294730,4.077881,3.935925
0,1322/12672,0.465125,618.759855,4.061562,3.936020
0,1323/12672,0.465604,619.225459,3.847498,3.935953
0,1324/12672,0.464676,619.690135,3.794660,3.935846
0,1325/12672,0.464641,620.154776,3.820546,3.935759
0,1326/12672,0.465662,620.620438,3.806525,3.935662
0,1327/12672,0.463978,621.084416,3.671441,3.935463
0,1328/12672,0.465188,621.549605,4.332954,3.935762
0,1329/12672,0.467405,622.017010,3.855322,3.935702
0,1330/12672,0.464595,622.481605,3.889688,3.935667
0,1331/12672,0.464641,622.946246,3.712779,3.935500
0,1332/12672,0.465293,623.411539,3.813019,3.935408
0,1333/12672,0.465749,623.877288,3.863356,3.935354
0,1334/12672,0.463917,624.341205,3.891502,3.935321
0,1335/12672,0.465387,624.806592,3.815929,3.935232
0,1336/12672,0.465444,625.272036,4.217035,3.935442
0,1337/12672,0.464617,625.736652,3.779378,3.935326
0,1338/12672,0.464783,626.201435,3.803993,3.935228
0,1339/12672,0.463724,626.665160,3.838814,3.935156
0,1340/12672,0.464762,627.129921,3.682706,3.934968
0,1341/12672,0.465775,627.595696,3.851487,3.934905
0,1342/12672,0.466114,628.061810,3.669216,3.934708
0,1343/12672,0.465373,628.527183,3.852032,3.934646
0,1344/12672,0.464978,628.992161,3.974277,3.934675
0,1345/12672,0.465136,629.457297,4.166268,3.934848
0,1346/12672,0.464992,629.922289,3.569254,3.934576
0,1347/12672,0.465217,630.387506,3.972140,3.934604
0,1348/12672,0.465182,630.852689,3.931275,3.934602
0,1349/12672,0.465304,631.317993,3.792714,3.934496
0,1350/12672,0.465132,631.783124,3.769863,3.934375
0,1351/12672,0.465277,632.248401,3.938387,3.934378
0,1352/12672,0.463929,632.712330,4.054998,3.934467
0,1353/12672,0.464024,633.176354,3.977714,3.934499
0,1354/12672,0.464645,633.640999,3.930266,3.934495
0,1355/12672,0.464614,634.105613,3.916068,3.934482
0,1356/12672,0.464987,634.570600,4.069598,3.934581
0,1357/12672,0.466163,635.036763,3.969294,3.934607
0,1358/12672,0.466791,635.503554,4.047909,3.934690
0,1359/12672,0.465253,635.968807,3.823585,3.934609
0,1360/12672,0.465283,636.434091,3.687781,3.934427
0,1361/12672,0.464796,636.898887,4.199377,3.934622
0,1362/12672,0.463888,637.362775,3.899720,3.934596
0,1363/12672,0.465552,637.828327,4.254670,3.934831
0,1364/12672,0.463828,638.292155,3.773738,3.934713
0,1365/12672,0.465478,638.757633,3.863787,3.934661
0,1366/12672,0.464011,639.221644,3.890671,3.934629
0,1367/12672,0.463799,639.685443,4.055796,3.934717
0,1368/12672,0.466911,640.152354,3.753691,3.934585
0,1369/12672,0.465012,640.617366,3.825305,3.934505
0,1370/12672,0.463994,641.081361,3.795731,3.934404
0,1371/12672,0.465621,641.546982,3.930722,3.934401
0,1372/12672,0.464098,642.011080,3.677445,3.934214
0,1373/12672,0.465251,642.476331,3.806480,3.934121
0,1374/12672,0.465947,642.942278,3.661072,3.933923
0,1375/12672,0.463461,643.405739,3.898768,3.933897
0,1376/12672,0.466066,643.871805,3.900066,3.933873
0,1377/12672,0.464935,644.336740,4.098963,3.933992
0,1378/12672,0.465658,644.802398,4.047336,3.934075
0,1379/12672,0.463288,645.265686,3.713659,3.933915
0,1380/12672,0.464925,645.730610,4.082118,3.934022
0,1381/12672,0.464854,646.195465,3.697265,3.933851
0,1382/12672,0.465415,646.660880,3.634221,3.933634
0,1383/12672,0.465869,647.126749,3.824226,3.933555
0,1384/12672,0.464262,647.591010,3.880947,3.933517
0,1385/12672,0.464208,648.055219,4.003049,3.933567
0,1386/12672,0.465333,648.520552,4.349857,3.933868
0,1387/12672,0.465129,648.985681,4.022830,3.933932
0,1388/12672,0.464304,649.449985,3.744923,3.933796
0,1389/12672,0.465043,649.915027,3.618212,3.933569
0,1390/12672,0.464663,650.379690,3.797294,3.933471
0,1391/12672,0.465492,650.845182,3.908221,3.933452
0,1392/12672,0.465811,651.310993,3.714238,3.933295
0,1393/12672,0.464829,651.775822,3.674239,3.933109
0,1394/12672,0.464607,652.240429,3.642668,3.932901
0,1395/12672,0.465126,652.705555,4.032361,3.932972
0,1396/12672,0.465605,653.171161,3.566723,3.932710
0,1397/12672,0.466532,653.637692,3.981224,3.932745
0,1398/12672,0.463907,654.101600,3.653030,3.932545
0,1399/12672,0.466781,654.568381,3.859422,3.932493
0,1400/12672,0.464261,655.032642,4.313467,3.932765
0,1401/12672,0.465209,655.497851,4.052897,3.932850
0,1402/12672,0.463778,655.961629,3.767754,3.932733
0,1403/12672,0.465291,656.426920,3.762329,3.932611
0,1404/12672,0.465113,656.892033,3.715133,3.932456
0,1405/12672,0.466421,657.358454,3.624338,3.932237
0,1406/12672,0.465182,657.823637,3.674272,3.932054
0,1407/12672,0.466789,658.290425,4.029387,3.932123
0,1408/12672,0.463997,658.754422,3.937155,3.932127
0,1409/12672,0.463556,659.217978,3.815761,3.932044
0,1410/12672,0.466218,659.684197,3.747088,3.931913
0,1411/12672,0.465621,660.149817,3.753527,3.931787
0,1412/12672,0.465903,660.615720,4.165597,3.931952
0,1413/12672,0.464027,661.079747,3.871492,3.931909
0,1414/12672,0.466661,661.546409,3.702865,3.931748
0,1415/12672,0.466867,662.013276,3.685401,3.931574
0,1416/12672,0.464514,662.477789,3.741253,3.931439
0,1417/12672,0.466881,662.944670,4.080843,3.931545
0,1418/12672,0.465254,663.409924,4.034293,3.931617
0,1419/12672,0.465635,663.875559,3.941408,3.931624
0,1420/12672,0.465348,664.340907,3.858749,3.931573
0,1421/12672,0.466769,664.807676,3.773408,3.931461
0,1422/12672,0.466183,665.273859,4.066576,3.931556
0,1423/12672,0.464964,665.738822,3.721147,3.931409
0,1424/12672,0.464485,666.203307,3.805406,3.931320
0,1425/12672,0.465549,666.668856,3.731009,3.931180
0,1426/12672,0.464433,667.133289,3.885823,3.931148
0,1427/12672,0.466273,667.599562,3.742342,3.931016
0,1428/12672,0.466502,668.066064,3.690792,3.930848
0,1429/12672,0.465414,668.531478,3.632845,3.930639
0,1430/12672,0.465444,668.996922,4.271116,3.930877
0,1431/12672,0.465096,669.462018,3.674328,3.930698
0,1432/12672,0.464998,669.927016,3.759613,3.930579
0,1433/12672,0.464607,670.391622,4.257472,3.930807
0,1434/12672,0.465306,670.856928,3.915301,3.930796
0,1435/12672,0.464860,671.321788,3.902333,3.930776
0,1436/12672,0.463864,671.785652,3.991234,3.930818
0,1437/12672,0.465726,672.251378,3.673243,3.930639
0,1438/12672,0.464485,672.715863,3.905526,3.930621
0,1439/12672,0.465647,673.181510,4.074122,3.930721
0,1440/12672,0.463140,673.644650,3.725427,3.930579
0,1441/12672,0.465386,674.110036,3.671394,3.930399
0,1442/12672,0.464729,674.574765,3.956658,3.930417
0,1443/12672,0.463001,675.037766,3.671279,3.930238
0,1444/12672,0.464889,675.502655,3.754311,3.930116
0,1445/12672,0.465514,675.968169,3.774802,3.930008
0,1446/12672,0.465557,676.433726,4.075617,3.930109
0,1447/12672,0.465188,676.898914,3.878114,3.930073
0,1448/12672,0.465588,677.364502,3.709749,3.929921
0,1449/12672,0.465029,677.829532,3.767748,3.929809
0,1450/12672,0.465215,678.294747,3.854627,3.929757
0,1451/12672,0.465372,678.760119,3.984743,3.929795
0,1452/12672,0.465656,679.225775,4.047732,3.929876
0,1453/12672,0.466226,679.692001,3.862708,3.929830
0,1454/12672,0.464350,680.156352,3.707424,3.929677
0,1455/12672,0.467594,680.623946,4.049320,3.929760
0,1456/12672,0.465282,681.089228,3.875458,3.929722
0,1457/12672,0.467661,681.556889,3.781199,3.929620
0,1458/12672,0.464517,682.021405,3.928472,3.929620
0,1459/12672,0.465964,682.487370,3.799168,3.929530
0,1460/12672,0.464322,682.951692,3.904593,3.929513
0,1461/12672,0.466063,683.417754,3.638073,3.929314
0,1462/12672,0.464237,683.881992,4.009281,3.929369
0,1463/12672,0.464999,684.346991,3.878973,3.929334
0,1464/12672,0.465953,684.812944,3.734418,3.929201
0,1465/12672,0.463302,685.276246,3.839660,3.929140
0,1466/12672,0.463529,685.739775,3.770473,3.929032
0,1467/12672,0.466248,686.206023,4.067282,3.929126
0,1468/12672,0.462864,686.668887,3.938225,3.929132
0,1469/12672,0.463828,687.132714,3.889399,3.929105
0,1470/12672,0.466040,687.598754,3.595516,3.928878
0,1471/12672,0.465299,688.064054,3.713927,3.928732
0,1472/12672,0.465280,688.529333,3.875529,3.928696
0,1473/12672,0.466366,688.995699,3.903718,3.928679
0,1474/12672,0.464302,689.460001,3.599173,3.928456
0,1475/12672,0.465001,689.925002,3.767665,3.928347
0,1476/12672,0.465673,690.390675,3.680888,3.928179
0,1477/12672,0.464951,690.855626,3.731876,3.928047
0,1478/12672,0.463919,691.319546,3.809744,3.927967
0,1479/12672,0.466572,691.786117,3.920844,3.927962
0,1480/12672,0.464765,692.250882,4.415743,3.928291
0,1481/12672,0.464452,692.715333,3.713455,3.928146
0,1482/12672,0.464755,693.180089,3.630756,3.927946
0,1483/12672,0.465334,693.645423,3.800100,3.927860
0,1484/12672,0.465185,694.110608,3.760284,3.927747
0,1485/12672,0.465084,694.575692,3.804518,3.927664
0,1486/12672,0.464972,695.040665,3.842307,3.927606
0,1487/12672,0.464359,695.505024,3.727985,3.927472
0,1488/12672,0.464653,695.969677,3.861135,3.927428
0,1489/12672,0.465389,696.435067,3.952816,3.927445
0,1490/12672,0.468592,696.903659,4.045228,3.927524
0,1491/12672,0.464670,697.368328,3.769375,3.927418
0,1492/12672,0.467287,697.835615,3.681145,3.927253
0,1493/12672,0.501022,698.336637,4.064627,3.927345
0,1494/12672,0.500123,698.836760,3.889138,3.927319
0,1495/12672,0.507878,699.344638,4.011860,3.927376
0,1496/12672,0.491181,699.835819,3.771703,3.927272
0,1497/12672,0.499900,700.335719,3.711200,3.927127
0,1498/12672,0.504028,700.839746,4.073807,3.927225
0,1499/12672,0.487255,701.327001,3.608082,3.927013
0,1500/12672,0.467551,701.794552,3.890167,3.926988
0,1501/12672,0.469408,702.263960,4.070199,3.927083
